INSERT INTO fahrer (fahrer_id, nachname, vorname) VALUES
  (1, 'Anderson', 'Julian'), 
  (2, 'Joffe', 'Kevin'),
  (3, 'Neumann', 'Amanda'),
  (4, 'Garcia', 'Carlos'),
  (5, 'Rund', 'Johanna'),
  (6, 'Brings', 'Chris'),
  (7, 'Hart', 'Lenard'),
  (8, 'Toth', 'Anne'),
  (9, 'Willems', 'Andre'),
  (10, 'Palumbo', 'Thomas'),
  (11, 'Lotte', 'Anna'),
  (12, 'Schõfer', 'Kurt'),
  (13, 'Müller', 'Anna'),
  (14, 'Mechler', 'Brian'),
  (15, 'Manson', 'Anne'),
  (16, 'Mandel', 'Debora'),
  (17, 'Tedesco', 'Janis'),
  (18, 'Talwar', 'Vikram'),
  (19, 'Szwed', 'Jossip'),
  (20, 'Schmidt', 'Diana'),
  (21, 'Schnee', 'Eduard'),
  (22, 'Otto', 'Gaby'),
  (23, 'Hamann', 'Anne'),
  (24, 'Diele', 'Marie'),
  (25, 'Jagel', 'Anna'),
  (26, 'Melfi', 'Tim'),
  (27, 'Oliver', 'Lena'),
  (28, 'Parker', 'Anne'),
  (29, 'Ricci', 'Peter'),
  (30, 'Reno', 'Graziella');
INSERT INTO bus (bus_id, busname) VALUES
  (1, 'Bus 1'),
  (2, 'Bus 2'),
  (3, 'Bus 3'),
  (4, 'Bus 4'),
  (5, 'Bus 5'),
  (6, 'Bus 6'),
  (7, 'Bus 7'),
  (8, 'Bus 8'),
  (9, 'Bus 9'),
  (10, 'Bus 10'),
  (11, 'Bus 11'),
  (12, 'Bus 12'),
  (13, 'Bus 13'),
  (14, 'Bus 14'),
  (15, 'Bus 15'); 
INSERT INTO betriebszeiten (betriebszeiten_id, beginn, ende) VALUES
  (1, '06:00:00', '23:00:00'),
  (2, '07:00:00', '22:00:00'),
  (3, '08:00:00', '20:00:00');
INSERT INTO buslinie (buslinie_id, buslinienname) VALUES
  (1, 'Buslinie 1'),
  (2, 'Buslinie 2'),
  (3, 'Buslinie 3'),
  (4, 'Buslinie 4'),
  (5, 'Buslinie 5');
INSERT INTO buskurs (buskurs_id, buskursname, fahrer_id, bus_id) VALUES
  (1, 'Buskurs 1', 1, 1),
  (2, 'Buskurs 2', 2, 2),
  (3, 'Buskurs 3', 3, 1),
  (4, 'Buskurs 4', 4, 2),
  (5, 'Buskurs 5', 5, 11),
  (6, 'Buskurs 6', 6, 12),
  (7, 'Buskurs 7', 7, 3),
  (8, 'Buskurs 8', 8, 4),
  (9, 'Buskurs 9', 9, 3),
  (10, 'Buskurs 10', 10, 4),
  (11, 'Buskurs 11', 11, 3),
  (12, 'Buskurs 12', 12, 4),
  (13, 'Buskurs 13', 13, 5),
  (14, 'Buskurs 14', 14, 6),
  (15, 'Buskurs 15', 15, 7),
  (16, 'Buskurs 16', 16, 8),
  (17, 'Buskurs 17', 17, 9),
  (18, 'Buskurs 18', 18, 10),
  (19, 'Buskurs 19', 19, 7),
  (20, 'Buskurs 20', 20, 8),
  (21, 'Buskurs 21', 21, 9),
  (22, 'Buskurs 22', 22, 10),
  (23, 'Buskurs 23', 23, 11),
  (24, 'Buskurs 24', 24, 12),
  (25, 'Buskurs 25', 25, 11),
  (26, 'Buskurs 26', 26, 12),
  (27, 'Buskurs 27', 27, 5),
  (28, 'Buskurs 28', 28, 6),
  (29, 'Buskurs 29', 29, 7),
  (30, 'Buskurs 30', 30, 8);
INSERT INTO haltestelle (haltestelle_id, namen) VALUES
  (1, 'Mettmannstraße'),
  (2, 'Salamiweg'),
  (3, 'Berliner Platz'),
  (4, 'Klabauterplatz'),
  (5, 'Theater'),
  (6, 'Paradeplatz'),
  (7, 'Eierweg'),
  (8, 'Baumstraße'),
  (9, 'Völmederstraße'),
  (10, 'Bahnhof'),
  (11, 'Igelweg'),
  (12, 'Faultierplatz'),
  (13, 'Nacktmullstraße'),
  (14, 'Kino'),
  (15, 'Westring'),
  (16, 'Alsterwall'),
  (17, 'Landhaus Günther'),
  (18, 'Stadtpark'),
  (19, 'Alter Kirchweg'),
  (20, 'Schorlemerstraße'),
  (21, 'Am Rabbenfittich'),
  (22, 'Vernerstraße'),
  (23, 'Rostockallee'),
  (24, 'Schwerinstraße'),
  (25, 'Zum Ausblick'),
  (26, 'Herrengasse'),
  (27, 'Baumwall'),
  (28, 'Berliner Tor'),
  (29, 'Lübecker Straße'),
  (30, 'Hamburger Straße'),
  (31, 'Veddel'),
  (32, 'Anckerstraße'),
  (33, 'Wohlersallee'),
  (34, 'Kleingarten'),
  (35, 'Potterweg'),
  (36, 'Merlinplatz'),
  (37, 'Tolkinweg'),
  (38, 'Bilbohaus'),
  (39, 'Bomadilplatz'),
  (40, 'Gandalfstraße'),
  (41, 'Streicherweg'),
  (42, 'Isengarten');
INSERT INTO intervalle (intervalle_id, intervall) VALUES
  (1, '00:30:00'),
  (2, '01:00:00');
INSERT INTO tage (tage_id, gruppe, tage, text, datum) VALUES
  (1, 'MO-FR', '1111100', 'montags - freitags', '14.04. bis 18.04.2014'),
  (2, 'SA-SO', '0000011', 'samstags und sonntags', '19.04. bis 20.04.2014'),
  (3, 'MO-SO', '1111111', 'montags - sonntags', '14.04. bi 20.04.2014');
INSERT INTO dienstzeiten (dienstzeiten_id, dienstbeginn, dienstende) VALUES
  (1, '05:45:00', '14:15:00'),
  (2, '15:15:00', '23:45:00'),
  (3, '13:45:00', '15:45:00'),
  (4, '05:45:00', '11:45:00'),
  (5, '17:45:00', '23:45:00'),
  (6, '11:45:00', '17:45:00'),
  (7, '05:45:00', '12:15:00'),
  (8, '17:15:00', '23:45:00'),
  (9, '05:45:00', '11:45:00'),
  (10, '11:15:00', '17:15:00'),
  (11, '16:45:00', '23:45:00'),
  (12, '05:45:00', '13:15:00'),
  (13, '12:45:00', '18:45:00'),
  (14, '18:15:00', '23:45:00');
INSERT INTO linienfahrplan (linienfahrplan_id, rückfahrtzeit, betriebszeiten, buslinie_id, tage_id, einsetzfahrt, aussetzfahrt, intervalle_id) VALUES
  (1, '00:14:00', 1, 1, 1, '00:15:00', '00:10:00', 1), /*Richtung Bahnhof, mo-fr, 6-23 uhr, halbstündlich*/
  (2, '00:14:00', 2, 1, 2, '00:15:00', '00:10:00', 2), /*Richtung Bahnhof, sa-so, 7-22 uhr, stündlich*/
  (3, '00:20:00', 1, 2, 3, '00:15:00', '00:10:00', 2),
  (4, '00:10:00', 1, 3, 1, '00:05:00', '00:10:00', 1),
  (5, '00:10:00', 3, 3, 2, '00:05:00', '00:10:00', 2),
  (6, '00:20:00', 1, 4, 3, '00:15:00', '00:10:00', 1),
  (7, '00:14:00', 1, 5, 1, '00:15:00', '00:10:00', 1);
INSERT INTO fahrer_dienstzeiten (fahrer_id, dienstzeiten_id, tage_id) VALUES
  (1, 1, 1),
  (2, 1, 1),
  (3, 2, 1),
  (4, 2, 1),
  (5, 3, 1),
  (6, 3, 1),
  (7, 4, 3),
  (8, 4, 3),
  (9, 5, 3),
  (10, 5, 3),
  (11, 6, 3),
  (12, 6, 3),
  (13, 7, 1),
  (14, 7, 1),
  (15, 5, 1),
  (16, 5, 1),
  (17, 6, 1),
  (18, 6, 1),
  (19, 7, 3),
  (20, 7, 3),
  (21, 8, 3),
  (22, 8, 3),
  (23, 9, 3),
  (24, 9, 3),
  (25, 10, 1),
  (26, 10, 1),
  (27, 11, 1),
  (28, 11, 1),
  (29, 12, 1),
  (30, 12, 1);
INSERT INTO linienfahrplan_haltestelle (linienfahrplan_id, haltestelle_id, haltestellennummer, fahrzeit) VALUES
  (1, 1, 1, 0),
  (1, 2, 2, 4),
  (1, 3, 3, 6),
  (1, 4, 4, 9),
  (1, 5, 5, 10),
  (1, 6, 6, 12),
  (1, 7, 7, 15),
  (1, 8, 8, 17),
  (1, 9, 9, 19),
  (1, 10, 10, 23),
  (2, 1, 1, 0),
  (2, 2, 2, 4),
  (2, 3, 3, 6),
  (2, 4, 4, 9),
  (2, 5, 5, 10),
  (2, 6, 6, 12),
  (2, 7, 7, 15),
  (2, 8, 8, 17),
  (2, 9, 9, 19),
  (2, 10, 10, 23),
  (3, 11, 1, 0),
  (3, 12, 2, 2),
  (3, 13, 3, 9),
  (3, 3, 4, 11),
  (3, 14, 5,15),
  (3, 15, 6, 18),
  (3, 16, 7, 21),
  (3, 17, 8, 25),
  (3, 18, 9, 30),
  (3, 10, 10, 33),
  (4, 19, 1, 0),
  (4, 20, 2, 2),
  (4, 21, 3, 9),
  (4, 16, 4, 10),
  (4, 22, 5, 12),
  (4, 23, 6, 15),
  (4, 24, 7, 18),
  (4, 25, 8, 21),
  (4, 26, 9, 23),
  (4, 10, 10, 25),
  (5, 16, 1, 0),
  (5, 22, 2, 2),
  (5, 23, 3, 5),
  (5, 24, 4, 8),
  (5, 25, 5, 11),
  (5, 26, 6, 13),
  (5, 10, 7, 15),  
  (6, 27, 1, 0),
  (6, 28, 2, 4),
  (6, 29, 3, 10),
  (6, 30, 4, 12),
  (6, 31, 5, 17),
  (6, 15, 6, 18),
  (6, 32, 7, 21),
  (6, 33, 8, 23),
  (6, 34, 9, 24),
  (6, 10, 10, 30),
  (7, 35, 1, 0),
  (7, 36, 2, 2),
  (7, 37, 3, 4),
  (7, 33, 4, 6),
  (7, 38, 5, 9),
  (7, 39, 6, 12),
  (7, 40, 7, 15),
  (7, 41, 8, 16),
  (7, 42, 9, 18),
  (7, 10, 10, 20);  